timestamp,load_mw
2026-06-06T00:00:00,5790.0
2026-06-06T01:00:00,5652.7
2026-06-06T02:00:00,5806.9
2026-06-06T03:00:00,5915.4
2026-06-06T04:00:00,6249.3
2026-06-06T05:00:00,6472.4
2026-06-06T06:00:00,6833.2
2026-06-06T07:00:00,6922.3
2026-06-06T08:00:00,7352.6
2026-06-06T09:00:00,7518.9
2026-06-06T10:00:00,7768.4
2026-06-06T11:00:00,7922.9
2026-06-06T12:00:00,7710.8
2026-06-06T13:00:00,7569.6
2026-06-06T14:00:00,7421.0
2026-06-06T15:00:00,7059.7
2026-06-06T16:00:00,6962.4
2026-06-06T17:00:00,7504.9
2026-06-06T18:00:00,7893.9
2026-06-06T19:00:00,7773.2
2026-06-06T20:00:00,7892.8
2026-06-06T21:00:00,7537.6
2026-06-06T22:00:00,6998.3
2026-06-06T23:00:00,6508.3
2026-06-07T00:00:00,5889.6
2026-06-07T01:00:00,5750.6
2026-06-07T02:00:00,5756.9
2026-06-07T03:00:00,5882.6
2026-06-07T04:00:00,6288.4
2026-06-07T05:00:00,6457.1
2026-06-07T06:00:00,6815.3
2026-06-07T07:00:00,7123.9
2026-06-07T08:00:00,7396.8
2026-06-07T09:00:00,7812.7
2026-06-07T10:00:00,7827.9
2026-06-07T11:00:00,7948.6
2026-06-07T12:00:00,7963.2
2026-06-07T13:00:00,7706.3
2026-06-07T14:00:00,7494.4
2026-06-07T15:00:00,7078.2
2026-06-07T16:00:00,7116.4
2026-06-07T17:00:00,7352.1
2026-06-07T18:00:00,7730.8
2026-06-07T19:00:00,7869.8
2026-06-07T20:00:00,7686.3
2026-06-07T21:00:00,7408.2
2026-06-07T22:00:00,6935.3
2026-06-07T23:00:00,6552.3
2026-06-08T00:00:00,5863.5
2026-06-08T01:00:00,5832.1
2026-06-08T02:00:00,5917.7
2026-06-08T03:00:00,6000.9
2026-06-08T04:00:00,6208.9
2026-06-08T05:00:00,6665.3
2026-06-08T06:00:00,6892.6
2026-06-08T07:00:00,7231.4
2026-06-08T08:00:00,7449.5
2026-06-08T09:00:00,7917.8
2026-06-08T10:00:00,7952.5
2026-06-08T11:00:00,8089.8
2026-06-08T12:00:00,8200.3
2026-06-08T13:00:00,7891.1
2026-06-08T14:00:00,7565.3
2026-06-08T15:00:00,7254.0
2026-06-08T16:00:00,7301.5
2026-06-08T17:00:00,7739.2
2026-06-08T18:00:00,7917.3
2026-06-08T19:00:00,7985.6
2026-06-08T20:00:00,7943.3
2026-06-08T21:00:00,7586.7
2026-06-08T22:00:00,7111.9
2026-06-08T23:00:00,6870.9
2026-06-09T00:00:00,5940.2
2026-06-09T01:00:00,5821.7
2026-06-09T02:00:00,6008.2
2026-06-09T03:00:00,6062.2
2026-06-09T04:00:00,6409.2
2026-06-09T05:00:00,6528.8
2026-06-09T06:00:00,6785.6
2026-06-09T07:00:00,7131.8
2026-06-09T08:00:00,7577.0
2026-06-09T09:00:00,7789.3
2026-06-09T10:00:00,8090.9
2026-06-09T11:00:00,8257.7
2026-06-09T12:00:00,8035.4
2026-06-09T13:00:00,7776.2
2026-06-09T14:00:00,7707.8
2026-06-09T15:00:00,7210.7
2026-06-09T16:00:00,7085.1
2026-06-09T17:00:00,7531.2
2026-06-09T18:00:00,7893.4
2026-06-09T19:00:00,8176.6
2026-06-09T20:00:00,8098.2
2026-06-09T21:00:00,7643.7
2026-06-09T22:00:00,7076.9
2026-06-09T23:00:00,6710.1
2026-06-10T00:00:00,5980.7
2026-06-10T01:00:00,5890.7
2026-06-10T02:00:00,6107.8
2026-06-10T03:00:00,6207.1
2026-06-10T04:00:00,6144.4
2026-06-10T05:00:00,6614.3
2026-06-10T06:00:00,6918.7
2026-06-10T07:00:00,7228.1
2026-06-10T08:00:00,7499.0
2026-06-10T09:00:00,7914.1
2026-06-10T10:00:00,7961.1
2026-06-10T11:00:00,8131.1
2026-06-10T12:00:00,8063.8
2026-06-10T13:00:00,8008.0
2026-06-10T14:00:00,7681.7
2026-06-10T15:00:00,7146.0
2026-06-10T16:00:00,7217.2
2026-06-10T17:00:00,7581.4
2026-06-10T18:00:00,8146.2
2026-06-10T19:00:00,8261.8
2026-06-10T20:00:00,7962.0
2026-06-10T21:00:00,7719.5
2026-06-10T22:00:00,7249.7
2026-06-10T23:00:00,6649.1
2026-06-11T00:00:00,5915.1
2026-06-11T01:00:00,5898.5
2026-06-11T02:00:00,6055.1
2026-06-11T03:00:00,6113.4
2026-06-11T04:00:00,6147.1
2026-06-11T05:00:00,6502.3
2026-06-11T06:00:00,6728.0
2026-06-11T07:00:00,7354.9
2026-06-11T08:00:00,7692.9
2026-06-11T09:00:00,7982.7
2026-06-11T10:00:00,8032.0
2026-06-11T11:00:00,8030.4
2026-06-11T12:00:00,8203.1
2026-06-11T13:00:00,8017.3
2026-06-11T14:00:00,7455.0
2026-06-11T15:00:00,7222.0
2026-06-11T16:00:00,7096.9
2026-06-11T17:00:00,7766.7
2026-06-11T18:00:00,8114.1
2026-06-11T19:00:00,8051.5
2026-06-11T20:00:00,8026.9
2026-06-11T21:00:00,7703.5
2026-06-11T22:00:00,7155.7
2026-06-11T23:00:00,6872.6
2026-06-12T00:00:00,5817.8
2026-06-12T01:00:00,5804.9
2026-06-12T02:00:00,5988.2
2026-06-12T03:00:00,6178.7
2026-06-12T04:00:00,6213.4
2026-06-12T05:00:00,6505.5
2026-06-12T06:00:00,7028.7
2026-06-12T07:00:00,7280.3
2026-06-12T08:00:00,7571.1
2026-06-12T09:00:00,7899.9
2026-06-12T10:00:00,7988.1
2026-06-12T11:00:00,8092.7
2026-06-12T12:00:00,8053.3
2026-06-12T13:00:00,7921.1
2026-06-12T14:00:00,7508.7
2026-06-12T15:00:00,7151.4
2026-06-12T16:00:00,7106.6
2026-06-12T17:00:00,7738.6
2026-06-12T18:00:00,7964.9
2026-06-12T19:00:00,8297.0
2026-06-12T20:00:00,8154.1
2026-06-12T21:00:00,7570.6
2026-06-12T22:00:00,7156.7
2026-06-12T23:00:00,6819.2
2026-06-13T00:00:00,5692.3
2026-06-13T01:00:00,5715.9
2026-06-13T02:00:00,6038.0
2026-06-13T03:00:00,6055.6
2026-06-13T04:00:00,6210.4
2026-06-13T05:00:00,6550.8
2026-06-13T06:00:00,6860.9
2026-06-13T07:00:00,7014.4
2026-06-13T08:00:00,7324.1
2026-06-13T09:00:00,7715.0
2026-06-13T10:00:00,7910.3
2026-06-13T11:00:00,7993.4
2026-06-13T12:00:00,8001.9
2026-06-13T13:00:00,7787.7
2026-06-13T14:00:00,7590.3
2026-06-13T15:00:00,6986.8
2026-06-13T16:00:00,7078.1
2026-06-13T17:00:00,7501.3
2026-06-13T18:00:00,7988.7
2026-06-13T19:00:00,7927.9
2026-06-13T20:00:00,7787.3
2026-06-13T21:00:00,7534.1
2026-06-13T22:00:00,7083.9
2026-06-13T23:00:00,6595.9
2026-06-14T00:00:00,5707.3
2026-06-14T01:00:00,5957.6
2026-06-14T02:00:00,5895.0
2026-06-14T03:00:00,6147.9
2026-06-14T04:00:00,6239.5
2026-06-14T05:00:00,6337.2
2026-06-14T06:00:00,6926.1
2026-06-14T07:00:00,7216.8
2026-06-14T08:00:00,7595.6
2026-06-14T09:00:00,7874.4
2026-06-14T10:00:00,8049.3
2026-06-14T11:00:00,7914.9
2026-06-14T12:00:00,7940.4
2026-06-14T13:00:00,7660.7
2026-06-14T14:00:00,7425.2
2026-06-14T15:00:00,6983.6
2026-06-14T16:00:00,7079.7
2026-06-14T17:00:00,7705.3
2026-06-14T18:00:00,7821.1
2026-06-14T19:00:00,8100.2
2026-06-14T20:00:00,7878.0
2026-06-14T21:00:00,7536.6
2026-06-14T22:00:00,7253.2
2026-06-14T23:00:00,6818.2
2026-06-15T00:00:00,5862.1
2026-06-15T01:00:00,5961.5
2026-06-15T02:00:00,5877.8
2026-06-15T03:00:00,6054.1
2026-06-15T04:00:00,6449.7
2026-06-15T05:00:00,6592.6
2026-06-15T06:00:00,6900.8
2026-06-15T07:00:00,7318.9
2026-06-15T08:00:00,7467.2
2026-06-15T09:00:00,7931.3
2026-06-15T10:00:00,8114.8
2026-06-15T11:00:00,8293.5
2026-06-15T12:00:00,8011.1
2026-06-15T13:00:00,8044.2
2026-06-15T14:00:00,7474.1
2026-06-15T15:00:00,7150.3
2026-06-15T16:00:00,7273.0
2026-06-15T17:00:00,7762.6
2026-06-15T18:00:00,7978.7
2026-06-15T19:00:00,8073.6
2026-06-15T20:00:00,8175.2
2026-06-15T21:00:00,7633.9
2026-06-15T22:00:00,7272.9
2026-06-15T23:00:00,6811.9
2026-06-16T00:00:00,5816.6
2026-06-16T01:00:00,5916.4
2026-06-16T02:00:00,5983.3
2026-06-16T03:00:00,6240.1
2026-06-16T04:00:00,6214.3
2026-06-16T05:00:00,6626.8
2026-06-16T06:00:00,6801.7
2026-06-16T07:00:00,7204.1
2026-06-16T08:00:00,7641.2
2026-06-16T09:00:00,7834.6
2026-06-16T10:00:00,8046.7
2026-06-16T11:00:00,8250.9
2026-06-16T12:00:00,7973.6
2026-06-16T13:00:00,7882.1
2026-06-16T14:00:00,7739.2
2026-06-16T15:00:00,7384.2
2026-06-16T16:00:00,7107.3
2026-06-16T17:00:00,7613.2
2026-06-16T18:00:00,7975.8
2026-06-16T19:00:00,8305.3
2026-06-16T20:00:00,8160.5
2026-06-16T21:00:00,7813.1
2026-06-16T22:00:00,7196.2
2026-06-16T23:00:00,6665.8
2026-06-17T00:00:00,5936.4
2026-06-17T01:00:00,5947.7
2026-06-17T02:00:00,6005.0
2026-06-17T03:00:00,6250.4
2026-06-17T04:00:00,6343.2
2026-06-17T05:00:00,6407.4
2026-06-17T06:00:00,6967.3
2026-06-17T07:00:00,7166.0
2026-06-17T08:00:00,7628.3
2026-06-17T09:00:00,8014.9
2026-06-17T10:00:00,7980.0
2026-06-17T11:00:00,8047.6
2026-06-17T12:00:00,7971.9
2026-06-17T13:00:00,7899.2
2026-06-17T14:00:00,7511.0
2026-06-17T15:00:00,7257.6
2026-06-17T16:00:00,7291.5
2026-06-17T17:00:00,7599.6
2026-06-17T18:00:00,8074.6
2026-06-17T19:00:00,8092.2
2026-06-17T20:00:00,8030.9
2026-06-17T21:00:00,7810.2
2026-06-17T22:00:00,7330.0
2026-06-17T23:00:00,6638.6
2026-06-18T00:00:00,5808.9
2026-06-18T01:00:00,5815.0
2026-06-18T02:00:00,5817.6
2026-06-18T03:00:00,6180.2
2026-06-18T04:00:00,6332.1
2026-06-18T05:00:00,6476.7
2026-06-18T06:00:00,6936.5
2026-06-18T07:00:00,7232.5
2026-06-18T08:00:00,7547.2
2026-06-18T09:00:00,7724.7
2026-06-18T10:00:00,7950.2
2026-06-18T11:00:00,8265.6
2026-06-18T12:00:00,8198.8
2026-06-18T13:00:00,7885.5
2026-06-18T14:00:00,7669.3
2026-06-18T15:00:00,7241.7
2026-06-18T16:00:00,7111.4
2026-06-18T17:00:00,7566.1
2026-06-18T18:00:00,7964.9
2026-06-18T19:00:00,8270.4
2026-06-18T20:00:00,8111.3
2026-06-18T21:00:00,7786.0
2026-06-18T22:00:00,7336.7
2026-06-18T23:00:00,6666.3
2026-06-19T00:00:00,5752.2
2026-06-19T01:00:00,5758.2
2026-06-19T02:00:00,6045.6
2026-06-19T03:00:00,6208.7
2026-06-19T04:00:00,6256.8
2026-06-19T05:00:00,6577.4
2026-06-19T06:00:00,6752.5
2026-06-19T07:00:00,7336.8
2026-06-19T08:00:00,7667.9
2026-06-19T09:00:00,8003.3
2026-06-19T10:00:00,8158.8
2026-06-19T11:00:00,8252.8
2026-06-19T12:00:00,7923.0
2026-06-19T13:00:00,7931.4
2026-06-19T14:00:00,7508.2
2026-06-19T15:00:00,7337.1
2026-06-19T16:00:00,7298.5
2026-06-19T17:00:00,7776.3
2026-06-19T18:00:00,8103.8
2026-06-19T19:00:00,8068.4
2026-06-19T20:00:00,8096.7
2026-06-19T21:00:00,7549.5
2026-06-19T22:00:00,7319.5
2026-06-19T23:00:00,6853.2
2026-06-20T00:00:00,5673.4
2026-06-20T01:00:00,5899.0
2026-06-20T02:00:00,5871.9
2026-06-20T03:00:00,5950.2
2026-06-20T04:00:00,6278.5
2026-06-20T05:00:00,6350.8
2026-06-20T06:00:00,6587.9
2026-06-20T07:00:00,6971.6
2026-06-20T08:00:00,7344.3
2026-06-20T09:00:00,7790.9
2026-06-20T10:00:00,8015.9
2026-06-20T11:00:00,7878.4
2026-06-20T12:00:00,7918.3
2026-06-20T13:00:00,7651.5
2026-06-20T14:00:00,7540.1
2026-06-20T15:00:00,7074.6
2026-06-20T16:00:00,7195.5
2026-06-20T17:00:00,7383.1
2026-06-20T18:00:00,7964.8
2026-06-20T19:00:00,7848.3
2026-06-20T20:00:00,7962.5
2026-06-20T21:00:00,7428.2
2026-06-20T22:00:00,6946.2
2026-06-20T23:00:00,6606.5
2026-06-21T00:00:00,5821.0
2026-06-21T01:00:00,5743.7
2026-06-21T02:00:00,5910.9
2026-06-21T03:00:00,6007.0
2026-06-21T04:00:00,6149.7
2026-06-21T05:00:00,6449.0
2026-06-21T06:00:00,6649.6
2026-06-21T07:00:00,7117.6
2026-06-21T08:00:00,7236.4
2026-06-21T09:00:00,7798.5
2026-06-21T10:00:00,7875.9
2026-06-21T11:00:00,7998.8
2026-06-21T12:00:00,7936.9
2026-06-21T13:00:00,7722.0
2026-06-21T14:00:00,7345.2
2026-06-21T15:00:00,6926.0
2026-06-21T16:00:00,7104.3
2026-06-21T17:00:00,7437.4
2026-06-21T18:00:00,7756.6
2026-06-21T19:00:00,8037.4
2026-06-21T20:00:00,7878.3
2026-06-21T21:00:00,7428.4
2026-06-21T22:00:00,6997.8
2026-06-21T23:00:00,6591.4
2026-06-22T00:00:00,5784.5
2026-06-22T01:00:00,5802.0
2026-06-22T02:00:00,5834.9
2026-06-22T03:00:00,6053.4
2026-06-22T04:00:00,6398.8
2026-06-22T05:00:00,6573.6
2026-06-22T06:00:00,6953.0
2026-06-22T07:00:00,7214.9
2026-06-22T08:00:00,7467.7
2026-06-22T09:00:00,7840.7
2026-06-22T10:00:00,7879.4
2026-06-22T11:00:00,8037.4
2026-06-22T12:00:00,8008.3
2026-06-22T13:00:00,7850.3
2026-06-22T14:00:00,7573.9
2026-06-22T15:00:00,7169.8
2026-06-22T16:00:00,7162.9
2026-06-22T17:00:00,7549.0
2026-06-22T18:00:00,7966.8
2026-06-22T19:00:00,8221.7
2026-06-22T20:00:00,8063.6
2026-06-22T21:00:00,7535.8
2026-06-22T22:00:00,7055.7
2026-06-22T23:00:00,6727.5
2026-06-23T00:00:00,5849.2
2026-06-23T01:00:00,5809.2
2026-06-23T02:00:00,6037.3
2026-06-23T03:00:00,6147.2
2026-06-23T04:00:00,6312.5
2026-06-23T05:00:00,6430.9
2026-06-23T06:00:00,6733.9
2026-06-23T07:00:00,7028.4
2026-06-23T08:00:00,7440.5
2026-06-23T09:00:00,7807.4
2026-06-23T10:00:00,8122.1
2026-06-23T11:00:00,7960.8
2026-06-23T12:00:00,7991.6
2026-06-23T13:00:00,7853.8
2026-06-23T14:00:00,7425.4
2026-06-23T15:00:00,7230.0
2026-06-23T16:00:00,7169.4
2026-06-23T17:00:00,7547.3
2026-06-23T18:00:00,8009.7
2026-06-23T19:00:00,7940.7
2026-06-23T20:00:00,8038.2
2026-06-23T21:00:00,7705.2
2026-06-23T22:00:00,7053.1
2026-06-23T23:00:00,6692.8
2026-06-24T00:00:00,5707.6
2026-06-24T01:00:00,5991.4
2026-06-24T02:00:00,5942.2
2026-06-24T03:00:00,5931.5
2026-06-24T04:00:00,6179.4
2026-06-24T05:00:00,6611.1
2026-06-24T06:00:00,6803.2
2026-06-24T07:00:00,7252.3
2026-06-24T08:00:00,7557.0
2026-06-24T09:00:00,7949.9
2026-06-24T10:00:00,8033.8
2026-06-24T11:00:00,8211.7
2026-06-24T12:00:00,8122.6
2026-06-24T13:00:00,7837.3
2026-06-24T14:00:00,7572.5
2026-06-24T15:00:00,7163.3
2026-06-24T16:00:00,7261.1
2026-06-24T17:00:00,7627.8
2026-06-24T18:00:00,8070.2
2026-06-24T19:00:00,8149.8
2026-06-24T20:00:00,7943.4
2026-06-24T21:00:00,7541.2
2026-06-24T22:00:00,7086.1
2026-06-24T23:00:00,6748.9
2026-06-25T00:00:00,5880.1
2026-06-25T01:00:00,5855.7
2026-06-25T02:00:00,5969.9
2026-06-25T03:00:00,5993.4
2026-06-25T04:00:00,6121.8
2026-06-25T05:00:00,6435.4
2026-06-25T06:00:00,6739.7
2026-06-25T07:00:00,7098.6
2026-06-25T08:00:00,7508.4
2026-06-25T09:00:00,7683.6
2026-06-25T10:00:00,7912.4
2026-06-25T11:00:00,8122.5
2026-06-25T12:00:00,8055.0
2026-06-25T13:00:00,7661.4
2026-06-25T14:00:00,7468.6
2026-06-25T15:00:00,7165.5
2026-06-25T16:00:00,7127.5
2026-06-25T17:00:00,7514.7
2026-06-25T18:00:00,7915.2
2026-06-25T19:00:00,8185.8
2026-06-25T20:00:00,7964.4
2026-06-25T21:00:00,7661.3
2026-06-25T22:00:00,7259.8
2026-06-25T23:00:00,6779.7
2026-06-26T00:00:00,5759.9
2026-06-26T01:00:00,5696.4
2026-06-26T02:00:00,5882.4
2026-06-26T03:00:00,6131.7
2026-06-26T04:00:00,6348.5
2026-06-26T05:00:00,6628.8
2026-06-26T06:00:00,6776.0
2026-06-26T07:00:00,7217.8
2026-06-26T08:00:00,7499.8
2026-06-26T09:00:00,7811.7
2026-06-26T10:00:00,7897.1
2026-06-26T11:00:00,7967.8
2026-06-26T12:00:00,7961.7
2026-06-26T13:00:00,7639.4
2026-06-26T14:00:00,7436.8
2026-06-26T15:00:00,7197.3
2026-06-26T16:00:00,7114.9
2026-06-26T17:00:00,7491.5
2026-06-26T18:00:00,7917.4
2026-06-26T19:00:00,7940.3
2026-06-26T20:00:00,7963.9
2026-06-26T21:00:00,7450.0
2026-06-26T22:00:00,7111.8
2026-06-26T23:00:00,6711.7
2026-06-27T00:00:00,5584.9
2026-06-27T01:00:00,5815.8
2026-06-27T02:00:00,5741.5
2026-06-27T03:00:00,5961.3
2026-06-27T04:00:00,6014.7
2026-06-27T05:00:00,6350.3
2026-06-27T06:00:00,6591.1
2026-06-27T07:00:00,6950.7
2026-06-27T08:00:00,7405.2
2026-06-27T09:00:00,7569.6
2026-06-27T10:00:00,7871.0
2026-06-27T11:00:00,7962.3
2026-06-27T12:00:00,7721.1
2026-06-27T13:00:00,7480.4
2026-06-27T14:00:00,7182.6
2026-06-27T15:00:00,7014.5
2026-06-27T16:00:00,7152.6
2026-06-27T17:00:00,7382.1
2026-06-27T18:00:00,7789.6
2026-06-27T19:00:00,7947.1
2026-06-27T20:00:00,7790.1
2026-06-27T21:00:00,7503.4
2026-06-27T22:00:00,7137.5
2026-06-27T23:00:00,6485.3
2026-06-28T00:00:00,5578.6
2026-06-28T01:00:00,5664.3
2026-06-28T02:00:00,5734.0
2026-06-28T03:00:00,6018.5
2026-06-28T04:00:00,6163.1
2026-06-28T05:00:00,6295.4
2026-06-28T06:00:00,6729.9
2026-06-28T07:00:00,7074.0
2026-06-28T08:00:00,7217.3
2026-06-28T09:00:00,7627.2
2026-06-28T10:00:00,7858.3
2026-06-28T11:00:00,7735.3
2026-06-28T12:00:00,7879.7
2026-06-28T13:00:00,7734.4
2026-06-28T14:00:00,7199.4
2026-06-28T15:00:00,6851.6
2026-06-28T16:00:00,6937.5
2026-06-28T17:00:00,7470.2
2026-06-28T18:00:00,7870.7
2026-06-28T19:00:00,7820.0
2026-06-28T20:00:00,7797.8
2026-06-28T21:00:00,7289.7
2026-06-28T22:00:00,7051.1
2026-06-28T23:00:00,6606.5
2026-06-29T00:00:00,5662.9
2026-06-29T01:00:00,5912.4
2026-06-29T02:00:00,6017.1
2026-06-29T03:00:00,6069.6
2026-06-29T04:00:00,6110.7
2026-06-29T05:00:00,6617.2
2026-06-29T06:00:00,6861.1
2026-06-29T07:00:00,7070.2
2026-06-29T08:00:00,7433.4
2026-06-29T09:00:00,7707.7
2026-06-29T10:00:00,7946.5
2026-06-29T11:00:00,7967.4
2026-06-29T12:00:00,8049.6
2026-06-29T13:00:00,7843.2
2026-06-29T14:00:00,7336.5
2026-06-29T15:00:00,7254.3
2026-06-29T16:00:00,7156.7
2026-06-29T17:00:00,7658.3
2026-06-29T18:00:00,7953.7
2026-06-29T19:00:00,7995.6
2026-06-29T20:00:00,7961.7
2026-06-29T21:00:00,7699.4
2026-06-29T22:00:00,7047.0
2026-06-29T23:00:00,6762.0
2026-06-30T00:00:00,5789.3
2026-06-30T01:00:00,5821.0
2026-06-30T02:00:00,5887.7
2026-06-30T03:00:00,6103.4
2026-06-30T04:00:00,6148.8
2026-06-30T05:00:00,6570.6
2026-06-30T06:00:00,6867.5
2026-06-30T07:00:00,6982.8
2026-06-30T08:00:00,7559.0
2026-06-30T09:00:00,7658.3
2026-06-30T10:00:00,7922.0
2026-06-30T11:00:00,8035.8
2026-06-30T12:00:00,7896.3
2026-06-30T13:00:00,7593.8
2026-06-30T14:00:00,7549.8
2026-06-30T15:00:00,7011.4
2026-06-30T16:00:00,7020.5
2026-06-30T17:00:00,7638.3
2026-06-30T18:00:00,7831.7
2026-06-30T19:00:00,8116.8
2026-06-30T20:00:00,7940.0
2026-06-30T21:00:00,7481.9
2026-06-30T22:00:00,6959.9
2026-06-30T23:00:00,6796.3
2026-07-01T00:00:00,5649.0
2026-07-01T01:00:00,5887.3
2026-07-01T02:00:00,5898.7
2026-07-01T03:00:00,6106.1
2026-07-01T04:00:00,6269.4
2026-07-01T05:00:00,6501.9
2026-07-01T06:00:00,6757.6
2026-07-01T07:00:00,7185.5
2026-07-01T08:00:00,7312.0
2026-07-01T09:00:00,7640.2
2026-07-01T10:00:00,7978.1
2026-07-01T11:00:00,7932.2
2026-07-01T12:00:00,7945.0
2026-07-01T13:00:00,7715.7
2026-07-01T14:00:00,7443.4
2026-07-01T15:00:00,7075.3
2026-07-01T16:00:00,7171.4
2026-07-01T17:00:00,7487.5
2026-07-01T18:00:00,7928.6
2026-07-01T19:00:00,7921.6
2026-07-01T20:00:00,7793.2
2026-07-01T21:00:00,7424.5
2026-07-01T22:00:00,7005.4
2026-07-01T23:00:00,6540.2
2026-07-02T00:00:00,5779.6
2026-07-02T01:00:00,5895.3
2026-07-02T02:00:00,5802.7
2026-07-02T03:00:00,5938.2
2026-07-02T04:00:00,6201.5
2026-07-02T05:00:00,6518.6
2026-07-02T06:00:00,6895.3
2026-07-02T07:00:00,7095.9
2026-07-02T08:00:00,7358.7
2026-07-02T09:00:00,7592.5
2026-07-02T10:00:00,7816.7
2026-07-02T11:00:00,7896.2
2026-07-02T12:00:00,7812.3
2026-07-02T13:00:00,7566.6
2026-07-02T14:00:00,7434.0
2026-07-02T15:00:00,7020.8
2026-07-02T16:00:00,7230.8
2026-07-02T17:00:00,7543.5
2026-07-02T18:00:00,7915.1
2026-07-02T19:00:00,7865.9
2026-07-02T20:00:00,7966.4
2026-07-02T21:00:00,7524.8
2026-07-02T22:00:00,7200.3
2026-07-02T23:00:00,6668.9
2026-07-03T00:00:00,5755.2
2026-07-03T01:00:00,5794.1
2026-07-03T02:00:00,5797.5
2026-07-03T03:00:00,5883.3
2026-07-03T04:00:00,6332.5
2026-07-03T05:00:00,6437.6
2026-07-03T06:00:00,6841.0
2026-07-03T07:00:00,7049.5
2026-07-03T08:00:00,7285.6
2026-07-03T09:00:00,7739.8
2026-07-03T10:00:00,7762.4
2026-07-03T11:00:00,7860.4
2026-07-03T12:00:00,7915.2
2026-07-03T13:00:00,7642.1
2026-07-03T14:00:00,7561.6
2026-07-03T15:00:00,6964.8
2026-07-03T16:00:00,7158.6
2026-07-03T17:00:00,7548.7
2026-07-03T18:00:00,7931.2
2026-07-03T19:00:00,7883.4
2026-07-03T20:00:00,7850.7
2026-07-03T21:00:00,7501.9
2026-07-03T22:00:00,7062.1
2026-07-03T23:00:00,6747.1
2026-07-04T00:00:00,5843.8
2026-07-04T01:00:00,5683.5
2026-07-04T02:00:00,5854.2
2026-07-04T03:00:00,5969.7
2026-07-04T04:00:00,6181.4
2026-07-04T05:00:00,6474.8
2026-07-04T06:00:00,6536.9
2026-07-04T07:00:00,6854.9
2026-07-04T08:00:00,7306.0
2026-07-04T09:00:00,7427.2
2026-07-04T10:00:00,7617.2
2026-07-04T11:00:00,7653.2
2026-07-04T12:00:00,7565.9
2026-07-04T13:00:00,7515.3
2026-07-04T14:00:00,7286.0
2026-07-04T15:00:00,6879.0
2026-07-04T16:00:00,6861.1
2026-07-04T17:00:00,7417.8
2026-07-04T18:00:00,7726.3
2026-07-04T19:00:00,7766.9
2026-07-04T20:00:00,7721.6
2026-07-04T21:00:00,7482.9
2026-07-04T22:00:00,7028.0
2026-07-04T23:00:00,6562.4
2026-07-05T00:00:00,5740.9
2026-07-05T01:00:00,5867.6
2026-07-05T02:00:00,5790.7
2026-07-05T03:00:00,5945.1
2026-07-05T04:00:00,6147.9
2026-07-05T05:00:00,6456.5
2026-07-05T06:00:00,6714.9
2026-07-05T07:00:00,6804.3
2026-07-05T08:00:00,7147.8
2026-07-05T09:00:00,7461.6
2026-07-05T10:00:00,7778.3
2026-07-05T11:00:00,7789.7
2026-07-05T12:00:00,7640.2
2026-07-05T13:00:00,7406.6
2026-07-05T14:00:00,7304.6
2026-07-05T15:00:00,6992.8
2026-07-05T16:00:00,7065.7
2026-07-05T17:00:00,7345.7
2026-07-05T18:00:00,7652.3
2026-07-05T19:00:00,7643.1
2026-07-05T20:00:00,7516.1
2026-07-05T21:00:00,7325.2
2026-07-05T22:00:00,6879.6
2026-07-05T23:00:00,6442.8
2026-07-06T00:00:00,5628.2
2026-07-06T01:00:00,5936.5
2026-07-06T02:00:00,5978.1
2026-07-06T03:00:00,6024.2
2026-07-06T04:00:00,6317.2
2026-07-06T05:00:00,6573.4
2026-07-06T06:00:00,6772.1
2026-07-06T07:00:00,6982.6
2026-07-06T08:00:00,7244.4
2026-07-06T09:00:00,7743.7
2026-07-06T10:00:00,7851.2
2026-07-06T11:00:00,7974.1
2026-07-06T12:00:00,7984.9
2026-07-06T13:00:00,7571.2
2026-07-06T14:00:00,7407.9
2026-07-06T15:00:00,7092.2
2026-07-06T16:00:00,7049.3
2026-07-06T17:00:00,7362.0
2026-07-06T18:00:00,7762.6
2026-07-06T19:00:00,7878.7
2026-07-06T20:00:00,7859.3
2026-07-06T21:00:00,7591.9
2026-07-06T22:00:00,7000.7
2026-07-06T23:00:00,6674.4
2026-07-07T00:00:00,5682.8
2026-07-07T01:00:00,5926.8
2026-07-07T02:00:00,5966.5
2026-07-07T03:00:00,6011.3
2026-07-07T04:00:00,6162.4
2026-07-07T05:00:00,6361.0
2026-07-07T06:00:00,6659.4
2026-07-07T07:00:00,7183.6
2026-07-07T08:00:00,7343.2
2026-07-07T09:00:00,7659.8
2026-07-07T10:00:00,7994.4
2026-07-07T11:00:00,7963.6
2026-07-07T12:00:00,7860.8
2026-07-07T13:00:00,7629.4
2026-07-07T14:00:00,7278.2
2026-07-07T15:00:00,7001.1
2026-07-07T16:00:00,7119.5
2026-07-07T17:00:00,7511.5
2026-07-07T18:00:00,7874.3
2026-07-07T19:00:00,7827.4
2026-07-07T20:00:00,7811.1
2026-07-07T21:00:00,7602.1
2026-07-07T22:00:00,7024.0
2026-07-07T23:00:00,6668.1
2026-07-08T00:00:00,5628.3
2026-07-08T01:00:00,5930.6
2026-07-08T02:00:00,5900.1
2026-07-08T03:00:00,5912.6
2026-07-08T04:00:00,6067.4
2026-07-08T05:00:00,6425.0
2026-07-08T06:00:00,6720.1
2026-07-08T07:00:00,6911.4
2026-07-08T08:00:00,7509.2
2026-07-08T09:00:00,7767.9
2026-07-08T10:00:00,7824.4
2026-07-08T11:00:00,7789.2
2026-07-08T12:00:00,7935.6
2026-07-08T13:00:00,7643.5
2026-07-08T14:00:00,7426.5
2026-07-08T15:00:00,7036.1
2026-07-08T16:00:00,6965.4
2026-07-08T17:00:00,7563.5
2026-07-08T18:00:00,7928.5
2026-07-08T19:00:00,7827.1
2026-07-08T20:00:00,7799.8
2026-07-08T21:00:00,7428.2
2026-07-08T22:00:00,7160.0
2026-07-08T23:00:00,6603.5
2026-07-09T00:00:00,5851.1
2026-07-09T01:00:00,5893.2
2026-07-09T02:00:00,5795.4
2026-07-09T03:00:00,6072.4
2026-07-09T04:00:00,6138.3
2026-07-09T05:00:00,6533.1
2026-07-09T06:00:00,6698.7
2026-07-09T07:00:00,7120.4
2026-07-09T08:00:00,7286.0
2026-07-09T09:00:00,7572.2
2026-07-09T10:00:00,7849.9
2026-07-09T11:00:00,8041.3
2026-07-09T12:00:00,7820.7
2026-07-09T13:00:00,7527.2
2026-07-09T14:00:00,7362.8
2026-07-09T15:00:00,6977.8
2026-07-09T16:00:00,7039.8
2026-07-09T17:00:00,7465.4
2026-07-09T18:00:00,7759.1
2026-07-09T19:00:00,7838.2
2026-07-09T20:00:00,7679.1
2026-07-09T21:00:00,7511.6
2026-07-09T22:00:00,7045.8
2026-07-09T23:00:00,6513.5
2026-07-10T00:00:00,5815.5
2026-07-10T01:00:00,5642.4
2026-07-10T02:00:00,5930.9
2026-07-10T03:00:00,6041.6
2026-07-10T04:00:00,6251.2
2026-07-10T05:00:00,6361.7
2026-07-10T06:00:00,6737.5
2026-07-10T07:00:00,7111.3
2026-07-10T08:00:00,7485.1
2026-07-10T09:00:00,7619.8
2026-07-10T10:00:00,7672.9
2026-07-10T11:00:00,7880.0
2026-07-10T12:00:00,7838.8
2026-07-10T13:00:00,7732.1
2026-07-10T14:00:00,7453.1
2026-07-10T15:00:00,6997.1
2026-07-10T16:00:00,7022.8
2026-07-10T17:00:00,7428.7
2026-07-10T18:00:00,7827.4
2026-07-10T19:00:00,7852.3
2026-07-10T20:00:00,7807.1
2026-07-10T21:00:00,7337.9
2026-07-10T22:00:00,7005.9
2026-07-10T23:00:00,6726.6
2026-07-11T00:00:00,5618.5
2026-07-11T01:00:00,5768.7
2026-07-11T02:00:00,5829.9
2026-07-11T03:00:00,6006.4
2026-07-11T04:00:00,6174.9
2026-07-11T05:00:00,6402.3
2026-07-11T06:00:00,6535.4
2026-07-11T07:00:00,6825.6
2026-07-11T08:00:00,7254.5
2026-07-11T09:00:00,7532.2
2026-07-11T10:00:00,7746.4
2026-07-11T11:00:00,7559.4
2026-07-11T12:00:00,7505.2
2026-07-11T13:00:00,7493.7
2026-07-11T14:00:00,7315.2
2026-07-11T15:00:00,7029.8
2026-07-11T16:00:00,6954.6
2026-07-11T17:00:00,7264.6
2026-07-11T18:00:00,7465.8
2026-07-11T19:00:00,7738.8
2026-07-11T20:00:00,7698.1
2026-07-11T21:00:00,7267.5
2026-07-11T22:00:00,6938.8
2026-07-11T23:00:00,6595.3
2026-07-12T00:00:00,5526.4
2026-07-12T01:00:00,5795.3
2026-07-12T02:00:00,5718.2
2026-07-12T03:00:00,5858.2
2026-07-12T04:00:00,5957.1
2026-07-12T05:00:00,6297.3
2026-07-12T06:00:00,6583.6
2026-07-12T07:00:00,6959.6
2026-07-12T08:00:00,7080.1
2026-07-12T09:00:00,7317.2
2026-07-12T10:00:00,7734.5
2026-07-12T11:00:00,7722.8
2026-07-12T12:00:00,7545.4
2026-07-12T13:00:00,7567.4
2026-07-12T14:00:00,7072.0
2026-07-12T15:00:00,6860.2
2026-07-12T16:00:00,6798.1
2026-07-12T17:00:00,7200.8
2026-07-12T18:00:00,7427.8
2026-07-12T19:00:00,7778.3
2026-07-12T20:00:00,7695.4
2026-07-12T21:00:00,7327.4
2026-07-12T22:00:00,6769.3
2026-07-12T23:00:00,6449.6
2026-07-13T00:00:00,5673.0
2026-07-13T01:00:00,5791.5
2026-07-13T02:00:00,5884.3
2026-07-13T03:00:00,5941.1
2026-07-13T04:00:00,6064.7
2026-07-13T05:00:00,6478.7
2026-07-13T06:00:00,6574.2
2026-07-13T07:00:00,6952.9
2026-07-13T08:00:00,7304.7
2026-07-13T09:00:00,7508.2
2026-07-13T10:00:00,7797.1
2026-07-13T11:00:00,7864.8
2026-07-13T12:00:00,7923.3
2026-07-13T13:00:00,7525.6
2026-07-13T14:00:00,7453.1
2026-07-13T15:00:00,7035.0
2026-07-13T16:00:00,6919.9
2026-07-13T17:00:00,7429.2
2026-07-13T18:00:00,7780.7
2026-07-13T19:00:00,7915.7
2026-07-13T20:00:00,7589.6
2026-07-13T21:00:00,7441.4
2026-07-13T22:00:00,6986.5
2026-07-13T23:00:00,6684.2
2026-07-14T00:00:00,5650.7
2026-07-14T01:00:00,5850.3
2026-07-14T02:00:00,5869.8
2026-07-14T03:00:00,5914.1
2026-07-14T04:00:00,6174.6
2026-07-14T05:00:00,6404.5
2026-07-14T06:00:00,6709.8
2026-07-14T07:00:00,7044.6
2026-07-14T08:00:00,7347.1
2026-07-14T09:00:00,7677.2
2026-07-14T10:00:00,7801.9
2026-07-14T11:00:00,7951.0
2026-07-14T12:00:00,7807.3
2026-07-14T13:00:00,7518.3
2026-07-14T14:00:00,7281.6
2026-07-14T15:00:00,7002.2
2026-07-14T16:00:00,7048.0
2026-07-14T17:00:00,7275.7
2026-07-14T18:00:00,7651.6
2026-07-14T19:00:00,7904.2
2026-07-14T20:00:00,7615.7
2026-07-14T21:00:00,7288.3
2026-07-14T22:00:00,6990.2
2026-07-14T23:00:00,6696.8
2026-07-15T00:00:00,5719.6
2026-07-15T01:00:00,5880.0
2026-07-15T02:00:00,5931.9
2026-07-15T03:00:00,5880.1
2026-07-15T04:00:00,6225.0
2026-07-15T05:00:00,6355.8
2026-07-15T06:00:00,6740.4
2026-07-15T07:00:00,7043.1
2026-07-15T08:00:00,7240.6
2026-07-15T09:00:00,7448.8
2026-07-15T10:00:00,7890.2
2026-07-15T11:00:00,7709.9
2026-07-15T12:00:00,7891.3
2026-07-15T13:00:00,7672.3
2026-07-15T14:00:00,7356.2
2026-07-15T15:00:00,7113.1
2026-07-15T16:00:00,7109.3
2026-07-15T17:00:00,7479.3
2026-07-15T18:00:00,7660.9
2026-07-15T19:00:00,7904.9
2026-07-15T20:00:00,7555.3
2026-07-15T21:00:00,7398.9
2026-07-15T22:00:00,6955.6
2026-07-15T23:00:00,6599.6
2026-07-16T00:00:00,5757.5
2026-07-16T01:00:00,5776.6
2026-07-16T02:00:00,5924.5
2026-07-16T03:00:00,6079.7
2026-07-16T04:00:00,6004.0
2026-07-16T05:00:00,6274.5
2026-07-16T06:00:00,6498.0
2026-07-16T07:00:00,7075.2
2026-07-16T08:00:00,7297.0
2026-07-16T09:00:00,7677.5
2026-07-16T10:00:00,7655.6
2026-07-16T11:00:00,7674.3
2026-07-16T12:00:00,7836.4
2026-07-16T13:00:00,7675.7
2026-07-16T14:00:00,7219.3
2026-07-16T15:00:00,6932.5
2026-07-16T16:00:00,6851.9
2026-07-16T17:00:00,7511.1
2026-07-16T18:00:00,7630.5
2026-07-16T19:00:00,7803.1
2026-07-16T20:00:00,7568.4
2026-07-16T21:00:00,7493.4
2026-07-16T22:00:00,6850.7
2026-07-16T23:00:00,6526.2
2026-07-17T00:00:00,5752.5
2026-07-17T01:00:00,5819.5
2026-07-17T02:00:00,5956.6
2026-07-17T03:00:00,5918.0
2026-07-17T04:00:00,6188.1
2026-07-17T05:00:00,6243.8
2026-07-17T06:00:00,6607.0
2026-07-17T07:00:00,6830.5
2026-07-17T08:00:00,7265.1
2026-07-17T09:00:00,7513.9
2026-07-17T10:00:00,7862.6
2026-07-17T11:00:00,7652.8
2026-07-17T12:00:00,7688.3
2026-07-17T13:00:00,7524.5
2026-07-17T14:00:00,7403.4
2026-07-17T15:00:00,7057.4
2026-07-17T16:00:00,6830.6
2026-07-17T17:00:00,7422.2
2026-07-17T18:00:00,7690.7
2026-07-17T19:00:00,7936.4
2026-07-17T20:00:00,7634.9
2026-07-17T21:00:00,7335.9
2026-07-17T22:00:00,6857.7
2026-07-17T23:00:00,6419.2
2026-07-18T00:00:00,5741.4
2026-07-18T01:00:00,5666.2
2026-07-18T02:00:00,5800.8
2026-07-18T03:00:00,5907.5
2026-07-18T04:00:00,6058.1
2026-07-18T05:00:00,6104.9
2026-07-18T06:00:00,6604.3
2026-07-18T07:00:00,6742.6
2026-07-18T08:00:00,7007.8
2026-07-18T09:00:00,7398.0
2026-07-18T10:00:00,7424.9
2026-07-18T11:00:00,7696.2
2026-07-18T12:00:00,7466.5
2026-07-18T13:00:00,7293.4
2026-07-18T14:00:00,7230.9
2026-07-18T15:00:00,6768.1
2026-07-18T16:00:00,6713.8
2026-07-18T17:00:00,7333.1
2026-07-18T18:00:00,7358.0
2026-07-18T19:00:00,7724.2
2026-07-18T20:00:00,7400.6
2026-07-18T21:00:00,7102.0
2026-07-18T22:00:00,6744.7
2026-07-18T23:00:00,6326.0
2026-07-19T00:00:00,5681.0
2026-07-19T01:00:00,5533.1
2026-07-19T02:00:00,5601.7
2026-07-19T03:00:00,5946.8
2026-07-19T04:00:00,5944.6
2026-07-19T05:00:00,6189.1
2026-07-19T06:00:00,6413.0
2026-07-19T07:00:00,6676.5
2026-07-19T08:00:00,7182.7
2026-07-19T09:00:00,7375.6
2026-07-19T10:00:00,7616.5
2026-07-19T11:00:00,7597.8
2026-07-19T12:00:00,7626.2
2026-07-19T13:00:00,7371.7
2026-07-19T14:00:00,6992.9
2026-07-19T15:00:00,6812.0
2026-07-19T16:00:00,6944.4
2026-07-19T17:00:00,7065.8
2026-07-19T18:00:00,7580.8
2026-07-19T19:00:00,7715.0
2026-07-19T20:00:00,7502.3
2026-07-19T21:00:00,7190.2
2026-07-19T22:00:00,6950.0
2026-07-19T23:00:00,6284.7
2026-07-20T00:00:00,5681.5
2026-07-20T01:00:00,5703.1
2026-07-20T02:00:00,5863.8
2026-07-20T03:00:00,5923.1
2026-07-20T04:00:00,6220.2
2026-07-20T05:00:00,6198.7
2026-07-20T06:00:00,6482.8
2026-07-20T07:00:00,6955.8
2026-07-20T08:00:00,7106.8
2026-07-20T09:00:00,7439.8
2026-07-20T10:00:00,7730.8
2026-07-20T11:00:00,7770.5
2026-07-20T12:00:00,7638.4
2026-07-20T13:00:00,7655.7
2026-07-20T14:00:00,7246.3
2026-07-20T15:00:00,6909.4
2026-07-20T16:00:00,6954.9
2026-07-20T17:00:00,7214.0
2026-07-20T18:00:00,7702.2
2026-07-20T19:00:00,7861.8
2026-07-20T20:00:00,7686.9
2026-07-20T21:00:00,7415.0
2026-07-20T22:00:00,6989.5
2026-07-20T23:00:00,6424.2
2026-07-21T00:00:00,5668.8
2026-07-21T01:00:00,5646.5
2026-07-21T02:00:00,5754.7
2026-07-21T03:00:00,5906.7
2026-07-21T04:00:00,6066.1
2026-07-21T05:00:00,6198.3
2026-07-21T06:00:00,6578.6
2026-07-21T07:00:00,6963.6
2026-07-21T08:00:00,7189.1
2026-07-21T09:00:00,7391.7
2026-07-21T10:00:00,7805.7
2026-07-21T11:00:00,7613.8
2026-07-21T12:00:00,7778.3
2026-07-21T13:00:00,7373.9
2026-07-21T14:00:00,7105.7
2026-07-21T15:00:00,6985.7
2026-07-21T16:00:00,7007.6
2026-07-21T17:00:00,7340.5
2026-07-21T18:00:00,7655.7
2026-07-21T19:00:00,7762.1
2026-07-21T20:00:00,7578.6
2026-07-21T21:00:00,7210.2
2026-07-21T22:00:00,6870.2
2026-07-21T23:00:00,6551.7
2026-07-22T00:00:00,5753.9
2026-07-22T01:00:00,5833.7
2026-07-22T02:00:00,5864.4
2026-07-22T03:00:00,6055.7
2026-07-22T04:00:00,6115.3
2026-07-22T05:00:00,6268.3
2026-07-22T06:00:00,6616.0
2026-07-22T07:00:00,6818.7
2026-07-22T08:00:00,7263.4
2026-07-22T09:00:00,7401.8
2026-07-22T10:00:00,7549.2
2026-07-22T11:00:00,7834.9
2026-07-22T12:00:00,7627.0
2026-07-22T13:00:00,7563.3
2026-07-22T14:00:00,7238.6
2026-07-22T15:00:00,6997.1
2026-07-22T16:00:00,7008.4
2026-07-22T17:00:00,7455.2
2026-07-22T18:00:00,7713.4
2026-07-22T19:00:00,7765.4
2026-07-22T20:00:00,7660.6
2026-07-22T21:00:00,7170.7
2026-07-22T22:00:00,7033.6
2026-07-22T23:00:00,6593.3
2026-07-23T00:00:00,5604.6
2026-07-23T01:00:00,5622.7
2026-07-23T02:00:00,5853.9
2026-07-23T03:00:00,5852.5
2026-07-23T04:00:00,6031.1
2026-07-23T05:00:00,6157.8
2026-07-23T06:00:00,6695.6
2026-07-23T07:00:00,6915.6
2026-07-23T08:00:00,7176.3
2026-07-23T09:00:00,7365.7
2026-07-23T10:00:00,7694.6
2026-07-23T11:00:00,7578.2
2026-07-23T12:00:00,7728.5
2026-07-23T13:00:00,7387.7
2026-07-23T14:00:00,7182.0
2026-07-23T15:00:00,6848.0
2026-07-23T16:00:00,6856.7
2026-07-23T17:00:00,7368.6
2026-07-23T18:00:00,7689.0
2026-07-23T19:00:00,7739.3
2026-07-23T20:00:00,7481.4
2026-07-23T21:00:00,7167.9
2026-07-23T22:00:00,6792.9
2026-07-23T23:00:00,6522.2
2026-07-24T00:00:00,5722.0
2026-07-24T01:00:00,5645.5
2026-07-24T02:00:00,5836.7
2026-07-24T03:00:00,5900.1
2026-07-24T04:00:00,6055.7
2026-07-24T05:00:00,6231.0
2026-07-24T06:00:00,6653.1
2026-07-24T07:00:00,6770.7
2026-07-24T08:00:00,7174.6
2026-07-24T09:00:00,7396.7
2026-07-24T10:00:00,7696.1
2026-07-24T11:00:00,7702.7
2026-07-24T12:00:00,7692.7
2026-07-24T13:00:00,7325.4
2026-07-24T14:00:00,7164.2
2026-07-24T15:00:00,6916.3
2026-07-24T16:00:00,6738.9
2026-07-24T17:00:00,7231.8
2026-07-24T18:00:00,7507.4
2026-07-24T19:00:00,7597.8
2026-07-24T20:00:00,7520.7
2026-07-24T21:00:00,7239.8
2026-07-24T22:00:00,6738.9
2026-07-24T23:00:00,6553.3
2026-07-25T00:00:00,5509.8
2026-07-25T01:00:00,5612.8
2026-07-25T02:00:00,5780.1
2026-07-25T03:00:00,5829.1
2026-07-25T04:00:00,6088.7
2026-07-25T05:00:00,6294.4
2026-07-25T06:00:00,6336.8
2026-07-25T07:00:00,6867.0
2026-07-25T08:00:00,6913.7
2026-07-25T09:00:00,7158.5
2026-07-25T10:00:00,7600.3
2026-07-25T11:00:00,7643.2
2026-07-25T12:00:00,7496.7
2026-07-25T13:00:00,7324.9
2026-07-25T14:00:00,7113.9
2026-07-25T15:00:00,6733.8
2026-07-25T16:00:00,6643.1
2026-07-25T17:00:00,6997.8
2026-07-25T18:00:00,7375.5
2026-07-25T19:00:00,7625.0
2026-07-25T20:00:00,7463.5
2026-07-25T21:00:00,7241.2
2026-07-25T22:00:00,6884.4
2026-07-25T23:00:00,6249.5
2026-07-26T00:00:00,5706.1
2026-07-26T01:00:00,5567.3
2026-07-26T02:00:00,5741.0
2026-07-26T03:00:00,5831.1
2026-07-26T04:00:00,5951.7
2026-07-26T05:00:00,6139.0
2026-07-26T06:00:00,6409.5
2026-07-26T07:00:00,6699.7
2026-07-26T08:00:00,6941.6
2026-07-26T09:00:00,7295.2
2026-07-26T10:00:00,7346.7
2026-07-26T11:00:00,7525.9
2026-07-26T12:00:00,7584.2
2026-07-26T13:00:00,7246.8
2026-07-26T14:00:00,7109.4
2026-07-26T15:00:00,6845.5
2026-07-26T16:00:00,6844.3
2026-07-26T17:00:00,7052.3
2026-07-26T18:00:00,7310.6
2026-07-26T19:00:00,7432.1
2026-07-26T20:00:00,7447.4
2026-07-26T21:00:00,7209.4
2026-07-26T22:00:00,6796.4
2026-07-26T23:00:00,6268.9
2026-07-27T00:00:00,5738.2
2026-07-27T01:00:00,5698.1
2026-07-27T02:00:00,5849.6
2026-07-27T03:00:00,5966.2
2026-07-27T04:00:00,6039.6
2026-07-27T05:00:00,6405.5
2026-07-27T06:00:00,6572.0
2026-07-27T07:00:00,6899.6
2026-07-27T08:00:00,7201.9
2026-07-27T09:00:00,7536.9
2026-07-27T10:00:00,7644.4
2026-07-27T11:00:00,7565.0
2026-07-27T12:00:00,7476.8
2026-07-27T13:00:00,7410.2
2026-07-27T14:00:00,7105.4
2026-07-27T15:00:00,6791.4
2026-07-27T16:00:00,6725.9
2026-07-27T17:00:00,7261.3
2026-07-27T18:00:00,7501.5
2026-07-27T19:00:00,7655.2
2026-07-27T20:00:00,7425.4
2026-07-27T21:00:00,7358.6
2026-07-27T22:00:00,6732.0
2026-07-27T23:00:00,6565.7
2026-07-28T00:00:00,5758.4
2026-07-28T01:00:00,5729.7
2026-07-28T02:00:00,5770.5
2026-07-28T03:00:00,5871.6
2026-07-28T04:00:00,6065.2
2026-07-28T05:00:00,6358.9
2026-07-28T06:00:00,6663.4
2026-07-28T07:00:00,6834.7
2026-07-28T08:00:00,7247.1
2026-07-28T09:00:00,7461.7
2026-07-28T10:00:00,7540.6
2026-07-28T11:00:00,7650.0
2026-07-28T12:00:00,7489.5
2026-07-28T13:00:00,7284.7
2026-07-28T14:00:00,7035.2
2026-07-28T15:00:00,6969.6
2026-07-28T16:00:00,6802.9
2026-07-28T17:00:00,7312.7
2026-07-28T18:00:00,7547.8
2026-07-28T19:00:00,7559.1
2026-07-28T20:00:00,7470.8
2026-07-28T21:00:00,7229.7
2026-07-28T22:00:00,6831.7
2026-07-28T23:00:00,6455.6
2026-07-29T00:00:00,5545.0
2026-07-29T01:00:00,5652.4
2026-07-29T02:00:00,5698.3
2026-07-29T03:00:00,5850.0
2026-07-29T04:00:00,5994.4
2026-07-29T05:00:00,6293.8
2026-07-29T06:00:00,6623.4
2026-07-29T07:00:00,6884.8
2026-07-29T08:00:00,7013.6
2026-07-29T09:00:00,7283.1
2026-07-29T10:00:00,7635.6
2026-07-29T11:00:00,7580.2
2026-07-29T12:00:00,7649.2
2026-07-29T13:00:00,7451.8
2026-07-29T14:00:00,7265.7
2026-07-29T15:00:00,6952.6
2026-07-29T16:00:00,6790.7
2026-07-29T17:00:00,7262.5
2026-07-29T18:00:00,7427.0
2026-07-29T19:00:00,7599.9
2026-07-29T20:00:00,7674.8
2026-07-29T21:00:00,7297.2
2026-07-29T22:00:00,6808.2
2026-07-29T23:00:00,6469.7
2026-07-30T00:00:00,5774.2
2026-07-30T01:00:00,5628.8
2026-07-30T02:00:00,5721.4
2026-07-30T03:00:00,5959.5
2026-07-30T04:00:00,6130.8
2026-07-30T05:00:00,6308.5
2026-07-30T06:00:00,6627.4
2026-07-30T07:00:00,6903.1
2026-07-30T08:00:00,7189.1
2026-07-30T09:00:00,7401.3
2026-07-30T10:00:00,7613.8
2026-07-30T11:00:00,7609.7
2026-07-30T12:00:00,7528.6
2026-07-30T13:00:00,7352.2
2026-07-30T14:00:00,7037.5
2026-07-30T15:00:00,6745.7
2026-07-30T16:00:00,6965.8
2026-07-30T17:00:00,7222.8
2026-07-30T18:00:00,7440.6
2026-07-30T19:00:00,7523.9
2026-07-30T20:00:00,7395.8
2026-07-30T21:00:00,7330.3
2026-07-30T22:00:00,6711.8
2026-07-30T23:00:00,6514.8
2026-07-31T00:00:00,5738.9
2026-07-31T01:00:00,5796.3
2026-07-31T02:00:00,5614.8
2026-07-31T03:00:00,5817.6
2026-07-31T04:00:00,6110.6
2026-07-31T05:00:00,6139.9
2026-07-31T06:00:00,6483.7
2026-07-31T07:00:00,6721.0
2026-07-31T08:00:00,7222.5
2026-07-31T09:00:00,7463.3
2026-07-31T10:00:00,7650.6
2026-07-31T11:00:00,7520.0
2026-07-31T12:00:00,7539.2
2026-07-31T13:00:00,7355.3
2026-07-31T14:00:00,7176.0
2026-07-31T15:00:00,6743.6
2026-07-31T16:00:00,6805.6
2026-07-31T17:00:00,7151.7
2026-07-31T18:00:00,7585.3
2026-07-31T19:00:00,7605.0
2026-07-31T20:00:00,7520.9
2026-07-31T21:00:00,7159.0
2026-07-31T22:00:00,6914.9
2026-07-31T23:00:00,6416.6
2026-08-01T00:00:00,5677.7
2026-08-01T01:00:00,5578.1
2026-08-01T02:00:00,5820.2
2026-08-01T03:00:00,5938.5
2026-08-01T04:00:00,5937.0
2026-08-01T05:00:00,6091.0
2026-08-01T06:00:00,6376.6
2026-08-01T07:00:00,6705.7
2026-08-01T08:00:00,7122.0
2026-08-01T09:00:00,7322.2
2026-08-01T10:00:00,7483.9
2026-08-01T11:00:00,7344.1
2026-08-01T12:00:00,7318.6
2026-08-01T13:00:00,7269.4
2026-08-01T14:00:00,7094.3
2026-08-01T15:00:00,6713.8
2026-08-01T16:00:00,6578.2
2026-08-01T17:00:00,7173.9
2026-08-01T18:00:00,7454.2
2026-08-01T19:00:00,7388.1
2026-08-01T20:00:00,7427.8
2026-08-01T21:00:00,7002.0
2026-08-01T22:00:00,6819.0
2026-08-01T23:00:00,6216.6
2026-08-02T00:00:00,5554.1
2026-08-02T01:00:00,5747.2
2026-08-02T02:00:00,5598.0
2026-08-02T03:00:00,5773.4
2026-08-02T04:00:00,5897.6
2026-08-02T05:00:00,6007.9
2026-08-02T06:00:00,6270.5
2026-08-02T07:00:00,6689.3
2026-08-02T08:00:00,6893.0
2026-08-02T09:00:00,7364.6
2026-08-02T10:00:00,7344.5
2026-08-02T11:00:00,7299.3
2026-08-02T12:00:00,7511.3
2026-08-02T13:00:00,7318.0
2026-08-02T14:00:00,7017.2
2026-08-02T15:00:00,6776.2
2026-08-02T16:00:00,6580.0
2026-08-02T17:00:00,6996.0
2026-08-02T18:00:00,7436.5
2026-08-02T19:00:00,7499.7
2026-08-02T20:00:00,7229.2
2026-08-02T21:00:00,7121.6
2026-08-02T22:00:00,6673.3
2026-08-02T23:00:00,6166.8
2026-08-03T00:00:00,5498.6
2026-08-03T01:00:00,5594.0
2026-08-03T02:00:00,5839.1
2026-08-03T03:00:00,5865.0
2026-08-03T04:00:00,6080.8
2026-08-03T05:00:00,6238.2
2026-08-03T06:00:00,6380.1
2026-08-03T07:00:00,6731.2
2026-08-03T08:00:00,7032.3
2026-08-03T09:00:00,7212.2
2026-08-03T10:00:00,7497.6
2026-08-03T11:00:00,7671.5
2026-08-03T12:00:00,7508.8
2026-08-03T13:00:00,7231.1
2026-08-03T14:00:00,7213.5
2026-08-03T15:00:00,6823.8
2026-08-03T16:00:00,6649.7
2026-08-03T17:00:00,7188.6
2026-08-03T18:00:00,7397.6
2026-08-03T19:00:00,7476.4
2026-08-03T20:00:00,7453.8
2026-08-03T21:00:00,7218.4
2026-08-03T22:00:00,6716.9
2026-08-03T23:00:00,6378.1
2026-08-04T00:00:00,5669.7
2026-08-04T01:00:00,5538.2
2026-08-04T02:00:00,5876.1
2026-08-04T03:00:00,5715.3
2026-08-04T04:00:00,6014.4
2026-08-04T05:00:00,6225.1
2026-08-04T06:00:00,6635.3
2026-08-04T07:00:00,6801.8
2026-08-04T08:00:00,7048.8
2026-08-04T09:00:00,7327.5
2026-08-04T10:00:00,7550.3
2026-08-04T11:00:00,7715.3
2026-08-04T12:00:00,7435.7
2026-08-04T13:00:00,7191.3
2026-08-04T14:00:00,7168.2
2026-08-04T15:00:00,6739.0
2026-08-04T16:00:00,6855.5
2026-08-04T17:00:00,7211.7
2026-08-04T18:00:00,7544.6
2026-08-04T19:00:00,7641.6
2026-08-04T20:00:00,7412.9
2026-08-04T21:00:00,7036.5
2026-08-04T22:00:00,6799.4
2026-08-04T23:00:00,6489.5
2026-08-05T00:00:00,5518.4
2026-08-05T01:00:00,5741.6
2026-08-05T02:00:00,5718.1
2026-08-05T03:00:00,5898.2
2026-08-05T04:00:00,6040.0
2026-08-05T05:00:00,6309.4
2026-08-05T06:00:00,6349.7
2026-08-05T07:00:00,6859.3
2026-08-05T08:00:00,7058.6
2026-08-05T09:00:00,7263.1
2026-08-05T10:00:00,7360.6
2026-08-05T11:00:00,7468.5
2026-08-05T12:00:00,7360.1
2026-08-05T13:00:00,7455.1
2026-08-05T14:00:00,7075.9
2026-08-05T15:00:00,6923.1
2026-08-05T16:00:00,6789.3
2026-08-05T17:00:00,7088.5
2026-08-05T18:00:00,7527.2
2026-08-05T19:00:00,7466.0
2026-08-05T20:00:00,7408.3
2026-08-05T21:00:00,7246.8
2026-08-05T22:00:00,6886.1
2026-08-05T23:00:00,6337.5
2026-08-06T00:00:00,5498.7
2026-08-06T01:00:00,5613.6
2026-08-06T02:00:00,5840.6
2026-08-06T03:00:00,5907.2
2026-08-06T04:00:00,6112.8
2026-08-06T05:00:00,6175.1
2026-08-06T06:00:00,6614.9
2026-08-06T07:00:00,6766.1
2026-08-06T08:00:00,7060.1
2026-08-06T09:00:00,7441.0
2026-08-06T10:00:00,7491.2
2026-08-06T11:00:00,7636.7
2026-08-06T12:00:00,7553.5
2026-08-06T13:00:00,7187.3
2026-08-06T14:00:00,7091.6
2026-08-06T15:00:00,6863.9
2026-08-06T16:00:00,6780.9
2026-08-06T17:00:00,7098.1
2026-08-06T18:00:00,7313.3
2026-08-06T19:00:00,7594.6
2026-08-06T20:00:00,7381.3
2026-08-06T21:00:00,7182.6
2026-08-06T22:00:00,6745.1
2026-08-06T23:00:00,6437.2
2026-08-07T00:00:00,5562.3
2026-08-07T01:00:00,5511.3
2026-08-07T02:00:00,5829.8
2026-08-07T03:00:00,5784.6
2026-08-07T04:00:00,6137.8
2026-08-07T05:00:00,6134.5
2026-08-07T06:00:00,6608.8
2026-08-07T07:00:00,6892.4
2026-08-07T08:00:00,6923.0
2026-08-07T09:00:00,7343.5
2026-08-07T10:00:00,7432.3
2026-08-07T11:00:00,7624.3
2026-08-07T12:00:00,7527.1
2026-08-07T13:00:00,7438.1
2026-08-07T14:00:00,6943.4
2026-08-07T15:00:00,6790.3
2026-08-07T16:00:00,6842.4
2026-08-07T17:00:00,7001.5
2026-08-07T18:00:00,7297.6
2026-08-07T19:00:00,7617.6
2026-08-07T20:00:00,7387.3
2026-08-07T21:00:00,7105.9
2026-08-07T22:00:00,6778.2
2026-08-07T23:00:00,6404.2
2026-08-08T00:00:00,5601.0
2026-08-08T01:00:00,5721.3
2026-08-08T02:00:00,5614.8
2026-08-08T03:00:00,5836.1
2026-08-08T04:00:00,5930.4
2026-08-08T05:00:00,6119.3
2026-08-08T06:00:00,6328.4
2026-08-08T07:00:00,6681.3
2026-08-08T08:00:00,6838.0
2026-08-08T09:00:00,7035.4
2026-08-08T10:00:00,7383.9
2026-08-08T11:00:00,7370.3
2026-08-08T12:00:00,7279.3
2026-08-08T13:00:00,7169.8
2026-08-08T14:00:00,6841.7
2026-08-08T15:00:00,6564.5
2026-08-08T16:00:00,6620.3
2026-08-08T17:00:00,7147.7
2026-08-08T18:00:00,7205.4
2026-08-08T19:00:00,7495.5
2026-08-08T20:00:00,7267.1
2026-08-08T21:00:00,6885.6
2026-08-08T22:00:00,6742.3
2026-08-08T23:00:00,6257.4
2026-08-09T00:00:00,5662.6
2026-08-09T01:00:00,5565.8
2026-08-09T02:00:00,5524.8
2026-08-09T03:00:00,5806.7
2026-08-09T04:00:00,6006.1
2026-08-09T05:00:00,6049.8
2026-08-09T06:00:00,6305.6
2026-08-09T07:00:00,6497.2
2026-08-09T08:00:00,6915.9
2026-08-09T09:00:00,7257.9
2026-08-09T10:00:00,7407.1
2026-08-09T11:00:00,7422.4
2026-08-09T12:00:00,7429.9
2026-08-09T13:00:00,7181.8
2026-08-09T14:00:00,6991.4
2026-08-09T15:00:00,6630.3
2026-08-09T16:00:00,6514.1
2026-08-09T17:00:00,6898.9
2026-08-09T18:00:00,7150.1
2026-08-09T19:00:00,7446.0
2026-08-09T20:00:00,7116.3
2026-08-09T21:00:00,7004.8
2026-08-09T22:00:00,6588.4
2026-08-09T23:00:00,6355.7
2026-08-10T00:00:00,5608.8
2026-08-10T01:00:00,5668.1
2026-08-10T02:00:00,5579.8
2026-08-10T03:00:00,5755.4
2026-08-10T04:00:00,6120.1
2026-08-10T05:00:00,6247.1
2026-08-10T06:00:00,6448.5
2026-08-10T07:00:00,6811.3
2026-08-10T08:00:00,7116.4
2026-08-10T09:00:00,7140.2
2026-08-10T10:00:00,7578.8
2026-08-10T11:00:00,7539.7
2026-08-10T12:00:00,7422.1
2026-08-10T13:00:00,7322.1
2026-08-10T14:00:00,6972.8
2026-08-10T15:00:00,6843.9
2026-08-10T16:00:00,6814.6
2026-08-10T17:00:00,7150.8
2026-08-10T18:00:00,7296.3
2026-08-10T19:00:00,7636.9
2026-08-10T20:00:00,7371.5
2026-08-10T21:00:00,7232.0
2026-08-10T22:00:00,6597.1
2026-08-10T23:00:00,6237.1
2026-08-11T00:00:00,5484.8
2026-08-11T01:00:00,5529.3
2026-08-11T02:00:00,5645.8
2026-08-11T03:00:00,5870.0
2026-08-11T04:00:00,5918.0
2026-08-11T05:00:00,6306.7
2026-08-11T06:00:00,6551.3
2026-08-11T07:00:00,6825.1
2026-08-11T08:00:00,6934.2
2026-08-11T09:00:00,7297.2
2026-08-11T10:00:00,7440.2
2026-08-11T11:00:00,7372.2
2026-08-11T12:00:00,7365.8
2026-08-11T13:00:00,7266.8
2026-08-11T14:00:00,7009.8
2026-08-11T15:00:00,6621.9
2026-08-11T16:00:00,6853.8
2026-08-11T17:00:00,6994.3
2026-08-11T18:00:00,7427.4
2026-08-11T19:00:00,7550.9
2026-08-11T20:00:00,7411.4
2026-08-11T21:00:00,7200.8
2026-08-11T22:00:00,6740.4
2026-08-11T23:00:00,6439.8
2026-08-12T00:00:00,5442.9
2026-08-12T01:00:00,5488.8
2026-08-12T02:00:00,5736.5
2026-08-12T03:00:00,5824.8
2026-08-12T04:00:00,6003.5
2026-08-12T05:00:00,6247.6
2026-08-12T06:00:00,6399.8
2026-08-12T07:00:00,6753.8
2026-08-12T08:00:00,6998.1
2026-08-12T09:00:00,7283.5
2026-08-12T10:00:00,7349.8
2026-08-12T11:00:00,7609.3
2026-08-12T12:00:00,7407.8
2026-08-12T13:00:00,7336.7
2026-08-12T14:00:00,7054.2
2026-08-12T15:00:00,6651.4
2026-08-12T16:00:00,6584.0
2026-08-12T17:00:00,6955.3
2026-08-12T18:00:00,7349.8
2026-08-12T19:00:00,7467.6
2026-08-12T20:00:00,7279.1
2026-08-12T21:00:00,7119.4
2026-08-12T22:00:00,6655.9
2026-08-12T23:00:00,6400.1
2026-08-13T00:00:00,5650.1
2026-08-13T01:00:00,5728.8
2026-08-13T02:00:00,5831.7
2026-08-13T03:00:00,5685.6
2026-08-13T04:00:00,5913.3
2026-08-13T05:00:00,6179.1
2026-08-13T06:00:00,6362.6
2026-08-13T07:00:00,6692.9
2026-08-13T08:00:00,6918.6
2026-08-13T09:00:00,7158.3
2026-08-13T10:00:00,7279.8
2026-08-13T11:00:00,7397.1
2026-08-13T12:00:00,7366.0
2026-08-13T13:00:00,7268.5
2026-08-13T14:00:00,6912.8
2026-08-13T15:00:00,6812.6
2026-08-13T16:00:00,6600.9
2026-08-13T17:00:00,7024.8
2026-08-13T18:00:00,7379.3
2026-08-13T19:00:00,7403.8
2026-08-13T20:00:00,7435.0
2026-08-13T21:00:00,7076.1
2026-08-13T22:00:00,6707.4
2026-08-13T23:00:00,6326.6
2026-08-14T00:00:00,5517.9
2026-08-14T01:00:00,5472.8
2026-08-14T02:00:00,5817.7
2026-08-14T03:00:00,5792.6
2026-08-14T04:00:00,6086.0
2026-08-14T05:00:00,6068.3
2026-08-14T06:00:00,6364.8
2026-08-14T07:00:00,6558.9
2026-08-14T08:00:00,6976.4
2026-08-14T09:00:00,7337.2
2026-08-14T10:00:00,7435.0
2026-08-14T11:00:00,7438.8
2026-08-14T12:00:00,7399.7
2026-08-14T13:00:00,7326.7
2026-08-14T14:00:00,6957.2
2026-08-14T15:00:00,6808.5
2026-08-14T16:00:00,6762.0
2026-08-14T17:00:00,7145.0
2026-08-14T18:00:00,7303.9
2026-08-14T19:00:00,7417.8
2026-08-14T20:00:00,7365.2
2026-08-14T21:00:00,6974.3
2026-08-14T22:00:00,6709.8
2026-08-14T23:00:00,6191.4
2026-08-15T00:00:00,5518.6
2026-08-15T01:00:00,5635.0
2026-08-15T02:00:00,5554.1
2026-08-15T03:00:00,5868.0
2026-08-15T04:00:00,5922.1
2026-08-15T05:00:00,5950.1
2026-08-15T06:00:00,6448.4
2026-08-15T07:00:00,6543.5
2026-08-15T08:00:00,6932.7
2026-08-15T09:00:00,7027.3
2026-08-15T10:00:00,7364.5
2026-08-15T11:00:00,7365.1
2026-08-15T12:00:00,7142.5
2026-08-15T13:00:00,7078.3
2026-08-15T14:00:00,6844.2
2026-08-15T15:00:00,6439.0
2026-08-15T16:00:00,6466.5
2026-08-15T17:00:00,6877.3
2026-08-15T18:00:00,7182.7
2026-08-15T19:00:00,7275.7
2026-08-15T20:00:00,7222.5
2026-08-15T21:00:00,6932.0
2026-08-15T22:00:00,6523.8
2026-08-15T23:00:00,6255.1
2026-08-16T00:00:00,5411.8
2026-08-16T01:00:00,5698.4
2026-08-16T02:00:00,5687.3
2026-08-16T03:00:00,5655.9
2026-08-16T04:00:00,5813.2
2026-08-16T05:00:00,6156.4
2026-08-16T06:00:00,6308.0
2026-08-16T07:00:00,6629.3
2026-08-16T08:00:00,6774.3
2026-08-16T09:00:00,7159.5
2026-08-16T10:00:00,7181.8
2026-08-16T11:00:00,7329.0
2026-08-16T12:00:00,7365.3
2026-08-16T13:00:00,7089.9
2026-08-16T14:00:00,6923.4
2026-08-16T15:00:00,6634.3
2026-08-16T16:00:00,6623.1
2026-08-16T17:00:00,6775.2
2026-08-16T18:00:00,7171.7
2026-08-16T19:00:00,7417.0
2026-08-16T20:00:00,7264.2
2026-08-16T21:00:00,7000.0
2026-08-16T22:00:00,6589.9
2026-08-16T23:00:00,6280.4
2026-08-17T00:00:00,5586.9
2026-08-17T01:00:00,5503.0
2026-08-17T02:00:00,5708.0
2026-08-17T03:00:00,5810.7
2026-08-17T04:00:00,6030.2
2026-08-17T05:00:00,6027.3
2026-08-17T06:00:00,6439.1
2026-08-17T07:00:00,6525.7
2026-08-17T08:00:00,7081.3
2026-08-17T09:00:00,7071.3
2026-08-17T10:00:00,7208.1
2026-08-17T11:00:00,7354.8
2026-08-17T12:00:00,7247.9
2026-08-17T13:00:00,7245.5
2026-08-17T14:00:00,6920.0
2026-08-17T15:00:00,6748.7
2026-08-17T16:00:00,6792.4
2026-08-17T17:00:00,7145.5
2026-08-17T18:00:00,7379.2
2026-08-17T19:00:00,7279.4
2026-08-17T20:00:00,7199.9
2026-08-17T21:00:00,6945.9
2026-08-17T22:00:00,6613.8
2026-08-17T23:00:00,6345.2
2026-08-18T00:00:00,5565.0
2026-08-18T01:00:00,5541.3
2026-08-18T02:00:00,5566.3
2026-08-18T03:00:00,5893.0
2026-08-18T04:00:00,5874.5
2026-08-18T05:00:00,6082.3
2026-08-18T06:00:00,6458.5
2026-08-18T07:00:00,6723.3
2026-08-18T08:00:00,6979.5
2026-08-18T09:00:00,7235.0
2026-08-18T10:00:00,7373.4
2026-08-18T11:00:00,7306.0
2026-08-18T12:00:00,7264.3
2026-08-18T13:00:00,7194.4
2026-08-18T14:00:00,6853.9
2026-08-18T15:00:00,6798.9
2026-08-18T16:00:00,6596.4
2026-08-18T17:00:00,6959.6
2026-08-18T18:00:00,7208.7
2026-08-18T19:00:00,7459.8
2026-08-18T20:00:00,7241.6
2026-08-18T21:00:00,6977.6
2026-08-18T22:00:00,6787.2
2026-08-18T23:00:00,6377.5
2026-08-19T00:00:00,5484.9
2026-08-19T01:00:00,5479.1
2026-08-19T02:00:00,5712.3
2026-08-19T03:00:00,5727.9
2026-08-19T04:00:00,6059.8
2026-08-19T05:00:00,6214.6
2026-08-19T06:00:00,6505.3
2026-08-19T07:00:00,6739.3
2026-08-19T08:00:00,6863.2
2026-08-19T09:00:00,7101.9
2026-08-19T10:00:00,7392.5
2026-08-19T11:00:00,7339.9
2026-08-19T12:00:00,7311.0
2026-08-19T13:00:00,7092.5
2026-08-19T14:00:00,6919.8
2026-08-19T15:00:00,6558.5
2026-08-19T16:00:00,6659.5
2026-08-19T17:00:00,7142.1
2026-08-19T18:00:00,7343.5
2026-08-19T19:00:00,7277.2
2026-08-19T20:00:00,7319.3
2026-08-19T21:00:00,7038.3
2026-08-19T22:00:00,6570.6
2026-08-19T23:00:00,6332.3
2026-08-20T00:00:00,5557.7
2026-08-20T01:00:00,5629.2
2026-08-20T02:00:00,5520.1
2026-08-20T03:00:00,5732.6
2026-08-20T04:00:00,5974.9
2026-08-20T05:00:00,5992.4
2026-08-20T06:00:00,6442.2
2026-08-20T07:00:00,6490.3
2026-08-20T08:00:00,6930.8
2026-08-20T09:00:00,7282.9
2026-08-20T10:00:00,7288.3
2026-08-20T11:00:00,7504.2
2026-08-20T12:00:00,7429.7
2026-08-20T13:00:00,7147.4
2026-08-20T14:00:00,6825.6
2026-08-20T15:00:00,6777.9
2026-08-20T16:00:00,6585.1
2026-08-20T17:00:00,7045.2
2026-08-20T18:00:00,7395.1
2026-08-20T19:00:00,7250.5
2026-08-20T20:00:00,7295.0
2026-08-20T21:00:00,7012.0
2026-08-20T22:00:00,6705.6
2026-08-20T23:00:00,6404.7
2026-08-21T00:00:00,5667.8
2026-08-21T01:00:00,5485.7
2026-08-21T02:00:00,5764.1
2026-08-21T03:00:00,5655.9
2026-08-21T04:00:00,6029.6
2026-08-21T05:00:00,6254.4
2026-08-21T06:00:00,6322.1
2026-08-21T07:00:00,6628.1
2026-08-21T08:00:00,7036.4
2026-08-21T09:00:00,7281.4
2026-08-21T10:00:00,7431.9
2026-08-21T11:00:00,7474.4
2026-08-21T12:00:00,7156.9
2026-08-21T13:00:00,7163.2
2026-08-21T14:00:00,6787.6
2026-08-21T15:00:00,6774.4
2026-08-21T16:00:00,6564.9
2026-08-21T17:00:00,7137.5
2026-08-21T18:00:00,7273.8
2026-08-21T19:00:00,7359.5
2026-08-21T20:00:00,7392.4
2026-08-21T21:00:00,7096.0
2026-08-21T22:00:00,6619.9
2026-08-21T23:00:00,6173.9
2026-08-22T00:00:00,5371.2
2026-08-22T01:00:00,5423.3
2026-08-22T02:00:00,5574.9
2026-08-22T03:00:00,5612.6
2026-08-22T04:00:00,5733.6
2026-08-22T05:00:00,6089.4
2026-08-22T06:00:00,6340.0
2026-08-22T07:00:00,6534.7
2026-08-22T08:00:00,6852.4
2026-08-22T09:00:00,6902.5
2026-08-22T10:00:00,7259.3
2026-08-22T11:00:00,7325.7
2026-08-22T12:00:00,7250.5
2026-08-22T13:00:00,7004.4
2026-08-22T14:00:00,6651.3
2026-08-22T15:00:00,6565.1
2026-08-22T16:00:00,6419.8
2026-08-22T17:00:00,6748.2
2026-08-22T18:00:00,7058.6
2026-08-22T19:00:00,7131.0
2026-08-22T20:00:00,7039.7
2026-08-22T21:00:00,6776.7
2026-08-22T22:00:00,6590.5
2026-08-22T23:00:00,6306.8
2026-08-23T00:00:00,5423.7
2026-08-23T01:00:00,5587.0
2026-08-23T02:00:00,5436.0
2026-08-23T03:00:00,5726.4
2026-08-23T04:00:00,5879.8
2026-08-23T05:00:00,5880.5
2026-08-23T06:00:00,6130.6
2026-08-23T07:00:00,6447.7
2026-08-23T08:00:00,6737.0
2026-08-23T09:00:00,6989.8
2026-08-23T10:00:00,7259.5
2026-08-23T11:00:00,7255.9
2026-08-23T12:00:00,7084.2
2026-08-23T13:00:00,6874.2
2026-08-23T14:00:00,6890.2
2026-08-23T15:00:00,6444.1
2026-08-23T16:00:00,6540.0
2026-08-23T17:00:00,6761.5
2026-08-23T18:00:00,6990.2
2026-08-23T19:00:00,7090.8
2026-08-23T20:00:00,7174.5
2026-08-23T21:00:00,6877.5
2026-08-23T22:00:00,6480.4
2026-08-23T23:00:00,6178.1
2026-08-24T00:00:00,5521.6
2026-08-24T01:00:00,5580.4
2026-08-24T02:00:00,5683.8
2026-08-24T03:00:00,5652.5
2026-08-24T04:00:00,5809.8
2026-08-24T05:00:00,6160.9
2026-08-24T06:00:00,6441.0
2026-08-24T07:00:00,6476.6
2026-08-24T08:00:00,6858.3
2026-08-24T09:00:00,7169.7
2026-08-24T10:00:00,7141.3
2026-08-24T11:00:00,7343.6
2026-08-24T12:00:00,7136.4
2026-08-24T13:00:00,7122.9
2026-08-24T14:00:00,6875.9
2026-08-24T15:00:00,6623.8
2026-08-24T16:00:00,6497.0
2026-08-24T17:00:00,6907.0
2026-08-24T18:00:00,7231.2
2026-08-24T19:00:00,7209.2
2026-08-24T20:00:00,7136.7
2026-08-24T21:00:00,6983.5
2026-08-24T22:00:00,6479.3
2026-08-24T23:00:00,6246.4
2026-08-25T00:00:00,5618.5
2026-08-25T01:00:00,5550.5
2026-08-25T02:00:00,5633.6
2026-08-25T03:00:00,5718.6
2026-08-25T04:00:00,5746.8
2026-08-25T05:00:00,6066.3
2026-08-25T06:00:00,6413.1
2026-08-25T07:00:00,6659.8
2026-08-25T08:00:00,6832.7
2026-08-25T09:00:00,7192.2
2026-08-25T10:00:00,7329.5
2026-08-25T11:00:00,7335.5
2026-08-25T12:00:00,7119.4
2026-08-25T13:00:00,7050.6
2026-08-25T14:00:00,6733.0
2026-08-25T15:00:00,6741.1
2026-08-25T16:00:00,6723.2
2026-08-25T17:00:00,6818.5
2026-08-25T18:00:00,7343.4
2026-08-25T19:00:00,7171.5
2026-08-25T20:00:00,7185.9
2026-08-25T21:00:00,7028.5
2026-08-25T22:00:00,6672.6
2026-08-25T23:00:00,6379.1
2026-08-26T00:00:00,5565.1
2026-08-26T01:00:00,5535.9
2026-08-26T02:00:00,5772.5
2026-08-26T03:00:00,5690.9
2026-08-26T04:00:00,5984.3
2026-08-26T05:00:00,6192.7
2026-08-26T06:00:00,6275.7
2026-08-26T07:00:00,6638.5
2026-08-26T08:00:00,6902.1
2026-08-26T09:00:00,7097.6
2026-08-26T10:00:00,7289.7
2026-08-26T11:00:00,7254.0
2026-08-26T12:00:00,7147.2
2026-08-26T13:00:00,7097.0
2026-08-26T14:00:00,6862.2
2026-08-26T15:00:00,6652.0
2026-08-26T16:00:00,6500.4
2026-08-26T17:00:00,6788.1
2026-08-26T18:00:00,7058.1
2026-08-26T19:00:00,7239.2
2026-08-26T20:00:00,7253.4
2026-08-26T21:00:00,6950.4
2026-08-26T22:00:00,6593.2
2026-08-26T23:00:00,6325.0
2026-08-27T00:00:00,5441.1
2026-08-27T01:00:00,5509.0
2026-08-27T02:00:00,5552.4
2026-08-27T03:00:00,5852.0
2026-08-27T04:00:00,5934.9
2026-08-27T05:00:00,5947.6
2026-08-27T06:00:00,6397.9
2026-08-27T07:00:00,6550.2
2026-08-27T08:00:00,6923.0
2026-08-27T09:00:00,7189.6
2026-08-27T10:00:00,7086.3
2026-08-27T11:00:00,7199.2
2026-08-27T12:00:00,7111.9
2026-08-27T13:00:00,6934.5
2026-08-27T14:00:00,6872.5
2026-08-27T15:00:00,6635.4
2026-08-27T16:00:00,6439.1
2026-08-27T17:00:00,6998.5
2026-08-27T18:00:00,7160.1
2026-08-27T19:00:00,7207.6
2026-08-27T20:00:00,7104.6
2026-08-27T21:00:00,7035.4
2026-08-27T22:00:00,6441.4
2026-08-27T23:00:00,6221.6
2026-08-28T00:00:00,5449.1
2026-08-28T01:00:00,5645.2
2026-08-28T02:00:00,5684.2
2026-08-28T03:00:00,5661.0
2026-08-28T04:00:00,5890.7
2026-08-28T05:00:00,6108.6
2026-08-28T06:00:00,6243.3
2026-08-28T07:00:00,6505.8
2026-08-28T08:00:00,6725.8
2026-08-28T09:00:00,7111.1
2026-08-28T10:00:00,7135.8
2026-08-28T11:00:00,7215.2
2026-08-28T12:00:00,7087.8
2026-08-28T13:00:00,7197.6
2026-08-28T14:00:00,6946.7
2026-08-28T15:00:00,6688.8
2026-08-28T16:00:00,6603.1
2026-08-28T17:00:00,6893.7
2026-08-28T18:00:00,7176.2
2026-08-28T19:00:00,7416.7
2026-08-28T20:00:00,7310.0
2026-08-28T21:00:00,6967.0
2026-08-28T22:00:00,6651.0
2026-08-28T23:00:00,6158.4
2026-08-29T00:00:00,5432.4
2026-08-29T01:00:00,5388.3
2026-08-29T02:00:00,5517.2
2026-08-29T03:00:00,5725.8
2026-08-29T04:00:00,5779.6
2026-08-29T05:00:00,6077.2
2026-08-29T06:00:00,6139.8
2026-08-29T07:00:00,6515.6
2026-08-29T08:00:00,6798.0
2026-08-29T09:00:00,7048.5
2026-08-29T10:00:00,7090.8
2026-08-29T11:00:00,7264.9
2026-08-29T12:00:00,7089.2
2026-08-29T13:00:00,6814.3
2026-08-29T14:00:00,6629.2
2026-08-29T15:00:00,6364.3
2026-08-29T16:00:00,6497.3
2026-08-29T17:00:00,6911.3
2026-08-29T18:00:00,7136.5
2026-08-29T19:00:00,7002.3
2026-08-29T20:00:00,7099.7
2026-08-29T21:00:00,6691.7
2026-08-29T22:00:00,6383.8
2026-08-29T23:00:00,6172.0
2026-08-30T00:00:00,5484.1
2026-08-30T01:00:00,5601.2
2026-08-30T02:00:00,5456.1
2026-08-30T03:00:00,5722.8
2026-08-30T04:00:00,5849.1
2026-08-30T05:00:00,5983.5
2026-08-30T06:00:00,6185.9
2026-08-30T07:00:00,6555.4
2026-08-30T08:00:00,6646.3
2026-08-30T09:00:00,7050.4
2026-08-30T10:00:00,6915.2
2026-08-30T11:00:00,7244.0
2026-08-30T12:00:00,7199.2
2026-08-30T13:00:00,6798.5
2026-08-30T14:00:00,6846.3
2026-08-30T15:00:00,6438.3
2026-08-30T16:00:00,6367.4
2026-08-30T17:00:00,6805.7
2026-08-30T18:00:00,6932.4
2026-08-30T19:00:00,7237.4
2026-08-30T20:00:00,7036.7
2026-08-30T21:00:00,6857.1
2026-08-30T22:00:00,6408.8
2026-08-30T23:00:00,6122.8
2026-08-31T00:00:00,5456.6
2026-08-31T01:00:00,5465.0
2026-08-31T02:00:00,5603.7
2026-08-31T03:00:00,5698.3
2026-08-31T04:00:00,5722.8
2026-08-31T05:00:00,6180.5
2026-08-31T06:00:00,6264.0
2026-08-31T07:00:00,6639.7
2026-08-31T08:00:00,6926.0
2026-08-31T09:00:00,6990.1
2026-08-31T10:00:00,7157.4
2026-08-31T11:00:00,7256.8
2026-08-31T12:00:00,7099.6
2026-08-31T13:00:00,6922.7
2026-08-31T14:00:00,6729.9
2026-08-31T15:00:00,6668.2
2026-08-31T16:00:00,6561.5
2026-08-31T17:00:00,6858.6
2026-08-31T18:00:00,7037.5
2026-08-31T19:00:00,7187.0
2026-08-31T20:00:00,7105.8
2026-08-31T21:00:00,6983.4
2026-08-31T22:00:00,6537.5
2026-08-31T23:00:00,6236.3
2026-09-01T00:00:00,5549.8
2026-09-01T01:00:00,5459.0
2026-09-01T02:00:00,5691.4
2026-09-01T03:00:00,5833.7
2026-09-01T04:00:00,5879.6
2026-09-01T05:00:00,6026.3
2026-09-01T06:00:00,6165.6
2026-09-01T07:00:00,6617.1
2026-09-01T08:00:00,6692.1
2026-09-01T09:00:00,7083.6
2026-09-01T10:00:00,7167.7
2026-09-01T11:00:00,7350.7
2026-09-01T12:00:00,7183.8
2026-09-01T13:00:00,7060.0
2026-09-01T14:00:00,6658.9
2026-09-01T15:00:00,6388.7
2026-09-01T16:00:00,6632.6
2026-09-01T17:00:00,7006.2
2026-09-01T18:00:00,7180.4
2026-09-01T19:00:00,7305.0
2026-09-01T20:00:00,7103.6
2026-09-01T21:00:00,6975.4
2026-09-01T22:00:00,6448.0
2026-09-01T23:00:00,6244.5
2026-09-02T00:00:00,5342.6
2026-09-02T01:00:00,5528.9
2026-09-02T02:00:00,5551.9
2026-09-02T03:00:00,5723.7
2026-09-02T04:00:00,5881.1
2026-09-02T05:00:00,6057.2
2026-09-02T06:00:00,6252.1
2026-09-02T07:00:00,6515.7
2026-09-02T08:00:00,6632.9
2026-09-02T09:00:00,7021.6
2026-09-02T10:00:00,7012.6
2026-09-02T11:00:00,7222.2
2026-09-02T12:00:00,7091.5
2026-09-02T13:00:00,7149.3
2026-09-02T14:00:00,6636.1
2026-09-02T15:00:00,6613.3
2026-09-02T16:00:00,6571.6
2026-09-02T17:00:00,6953.8
2026-09-02T18:00:00,7241.0
2026-09-02T19:00:00,7095.4
2026-09-02T20:00:00,6996.9
2026-09-02T21:00:00,6756.6
2026-09-02T22:00:00,6427.0
2026-09-02T23:00:00,6182.7
2026-09-03T00:00:00,5579.9
2026-09-03T01:00:00,5452.7
2026-09-03T02:00:00,5554.1
2026-09-03T03:00:00,5644.9
2026-09-03T04:00:00,5796.8
2026-09-03T05:00:00,6034.8
2026-09-03T06:00:00,6396.2
2026-09-03T07:00:00,6428.0
2026-09-03T08:00:00,6825.8
2026-09-03T09:00:00,7099.1
2026-09-03T10:00:00,7193.1
2026-09-03T11:00:00,7308.5
2026-09-03T12:00:00,7224.9
2026-09-03T13:00:00,6872.8
2026-09-03T14:00:00,6734.4
2026-09-03T15:00:00,6526.0
2026-09-03T16:00:00,6377.0
2026-09-03T17:00:00,6704.0
2026-09-03T18:00:00,7007.5
2026-09-03T19:00:00,7201.0
2026-09-03T20:00:00,7086.3
2026-09-03T21:00:00,6936.5
2026-09-03T22:00:00,6530.0
2026-09-03T23:00:00,6274.5
2026-09-04T00:00:00,5359.5
2026-09-04T01:00:00,5526.3
2026-09-04T02:00:00,5442.8
2026-09-04T03:00:00,5591.0
2026-09-04T04:00:00,5929.4
2026-09-04T05:00:00,6124.7
2026-09-04T06:00:00,6233.8
2026-09-04T07:00:00,6365.0
2026-09-04T08:00:00,6632.5
2026-09-04T09:00:00,7111.0
2026-09-04T10:00:00,7254.7
2026-09-04T11:00:00,7207.7
2026-09-04T12:00:00,6994.8
2026-09-04T13:00:00,7111.9
2026-09-04T14:00:00,6704.6
2026-09-04T15:00:00,6639.5
2026-09-04T16:00:00,6527.1
2026-09-04T17:00:00,6916.1
2026-09-04T18:00:00,7158.0
2026-09-04T19:00:00,7158.2
2026-09-04T20:00:00,6967.3
2026-09-04T21:00:00,6739.2
2026-09-04T22:00:00,6423.2
2026-09-04T23:00:00,6259.9
